node_id,depth_used,n_points_available,n_candidates_total_no_filter,insufficient_coverage,oversampled_points,oversampled_images,included_in_tensor
108153168,6,4,18,True,True,False,True
108154281,5,6,29,False,False,False,True
108161118,4,11,25,False,False,False,True
257946454,1,12,21,False,False,False,True
263106951,6,4,15,True,True,False,True
263360959,4,5,31,False,False,False,True
316624781,5,9,60,False,False,False,True
316624796,2,7,41,False,False,False,True
316624803,4,7,48,False,False,False,True
316625017,5,5,69,False,False,False,True
316626840,5,9,33,False,False,False,True
316628698,2,6,12,False,False,False,True
316628701,3,10,16,False,False,False,True
316629267,4,5,51,False,False,False,True
316629275,3,6,20,False,False,False,True
316629276,2,5,18,False,False,False,True
316629278,2,5,12,False,False,False,True
316629281,5,17,87,False,False,False,True
316629287,5,9,79,False,False,False,True
316629288,5,8,69,False,False,False,True
316629414,5,6,43,False,False,False,True
316629416,5,11,47,False,False,False,True
316629417,4,8,31,False,False,False,True
316629418,3,7,20,False,False,False,True
316629422,1,5,9,False,False,False,True
316629427,2,5,11,False,False,False,True
316629435,5,9,62,False,False,False,True
316629436,4,5,39,False,False,False,True
316629438,4,7,47,False,False,False,True
316629439,4,5,49,False,False,False,True
316629519,3,7,28,False,False,False,True
316629520,3,6,44,False,False,False,True
316629521,2,6,24,False,False,False,True
316629522,1,6,17,False,False,False,True
316629524,1,6,13,False,False,False,True
316629527,1,11,42,False,False,False,True
316629528,2,8,37,False,False,False,True
316629529,1,7,39,False,False,False,True
316629530,1,11,58,False,False,False,True
316629535,1,14,35,False,False,False,True
316629580,1,21,37,False,False,False,True
316629581,1,5,20,False,False,False,True
316629584,1,16,57,False,False,False,True
316629587,1,6,13,False,False,False,True
316629607,2,12,22,False,False,False,True
316634995,3,5,31,False,False,False,True
316635148,4,8,22,False,False,False,True
316635154,4,8,43,False,False,False,True
316635156,4,9,63,False,False,False,True
316635222,3,7,38,False,False,False,True
316635554,3,5,15,False,False,False,True
316635555,3,8,37,False,False,False,True
316635792,2,9,45,False,False,False,True
316635794,1,7,19,False,False,False,True
316635801,1,5,25,False,False,False,True
316635807,2,7,37,False,False,False,True
392152399,4,5,54,False,False,False,True
392152402,3,6,91,False,False,False,True
392152405,3,11,119,False,False,False,True
392153270,4,8,41,False,False,False,True
392153272,4,9,31,False,False,False,True
392153275,3,5,29,False,False,False,True
392153681,4,6,23,False,False,False,True
392153682,4,6,27,False,False,False,True
392153683,5,6,49,False,False,False,True
392153861,3,7,36,False,False,False,True
392154179,3,5,52,False,False,True,True
392154184,4,5,59,False,False,True,True
392154185,4,5,67,False,False,True,True
392154191,4,5,66,False,False,False,True
392154192,4,5,62,False,False,False,True
392154334,4,5,19,False,False,False,True
408629729,3,6,30,False,False,False,True
408629733,3,6,26,False,False,False,True
408629740,3,5,20,False,False,False,True
408629750,3,7,35,False,False,False,True
408629755,3,6,31,False,False,False,True
408629760,3,5,31,False,False,False,True
408629765,3,5,31,False,False,False,True
408629773,3,5,17,False,False,False,True
408629782,3,5,17,False,False,False,True
408629788,3,5,19,False,False,False,True
408629796,3,5,21,False,False,False,True
408629812,3,5,32,False,False,False,True
408629820,4,9,50,False,False,False,True
408629865,3,5,17,False,False,False,True
408629881,3,5,27,False,False,False,True
408629889,4,7,37,False,False,False,True
408629898,4,8,46,False,False,False,True
408629906,4,9,43,False,False,False,True
408629913,3,6,40,False,False,False,True
408629921,3,6,38,False,False,False,True
408629946,2,5,22,False,False,False,True
408629951,3,7,51,False,False,False,True
408629961,4,12,66,False,False,False,True
408630017,2,6,30,False,False,False,True
408630042,2,5,17,False,False,False,True
408630052,3,9,47,False,False,False,True
408630056,3,8,46,False,False,False,True
408630061,3,5,40,False,False,False,True
408630066,3,6,30,False,False,False,True
408630072,4,9,44,False,False,False,True
408630106,4,5,28,False,False,False,True
408630121,2,5,22,False,False,False,True
408630130,1,5,11,False,False,False,True
408630134,2,6,15,False,False,False,True
408630139,3,7,26,False,False,False,True
408630159,4,12,53,False,False,False,True
408630164,3,6,40,False,False,False,True
408630227,4,7,58,False,False,False,True
408630262,3,7,46,False,False,False,True
408630274,3,6,33,False,False,False,True
408630279,3,6,31,False,False,False,True
408630283,3,6,33,False,False,False,True
408630294,3,7,29,False,False,False,True
408630311,5,11,42,False,False,False,True
408630324,3,5,42,False,False,False,True
408630349,3,5,22,False,False,False,True
408630433,5,11,57,False,False,False,True
408630436,3,5,18,False,False,False,True
408630441,4,5,18,False,False,False,True
408630446,4,5,19,False,False,False,True
411809365,2,5,16,False,False,False,True
411809390,5,5,24,False,False,False,True
411809398,4,5,24,False,False,False,True
411809407,4,5,36,False,False,False,True
411809455,4,9,43,False,False,False,True
411809463,3,5,32,False,False,False,True
411809489,4,5,41,False,False,False,True
411812724,4,5,26,False,False,False,True
411812725,5,7,34,False,False,False,True
411812726,4,6,22,False,False,False,True
411812727,5,6,36,False,False,False,True
411812728,5,6,38,False,False,False,True
411812729,4,6,32,False,False,False,True
411812730,5,6,37,False,False,False,True
411812731,5,7,31,False,False,False,True
411812736,5,7,33,False,False,False,True
411812741,5,5,33,False,False,False,True
411812742,6,4,33,True,True,False,True
411812743,5,5,38,False,False,False,True
411812744,4,5,35,False,False,False,True
411812745,4,6,36,False,False,False,True
411812746,4,9,43,False,False,False,True
411812747,3,6,26,False,False,False,True
411812748,2,6,14,False,False,False,True
411812749,1,5,11,False,False,False,True
411812751,2,6,16,False,False,False,True
411812752,3,8,32,False,False,False,True
411812753,4,7,31,False,False,False,True
411812755,5,11,48,False,False,False,True
411812756,4,7,23,False,False,False,True
411812757,5,6,38,False,False,False,True
411812758,4,5,35,False,False,False,True
411812759,4,5,33,False,False,False,True
411812760,5,5,37,False,False,False,True
411812761,4,6,32,False,False,False,True
411812763,3,6,20,False,False,False,True
411812764,5,6,37,False,False,False,True
411812765,5,5,28,False,False,False,True
411852327,6,3,28,True,True,False,True
411852329,6,4,33,True,True,False,True
411852330,5,13,49,False,False,False,True
411852331,4,11,31,False,False,False,True
411852333,2,7,16,False,False,False,True
411852334,2,7,16,False,False,False,True
411852335,3,7,20,False,False,False,True
411852336,4,7,33,False,False,False,True
411852339,6,1,30,True,True,False,True
411852340,4,7,21,False,False,False,True
411852345,3,6,13,False,False,False,True
411852347,2,5,9,False,False,False,True
411852348,3,9,22,False,False,False,True
411852349,3,8,23,False,False,False,True
411852350,4,6,25,False,False,False,True
411852351,3,5,22,False,False,False,True
411852352,3,11,31,False,False,False,True
411852353,2,7,14,False,False,False,True
411852354,3,9,22,False,False,False,True
411852355,2,5,12,False,False,False,True
411852358,3,7,16,False,False,False,True
411852362,3,5,9,False,False,False,True
411852364,4,6,14,False,False,False,True
411852365,5,15,47,False,False,False,True
411852370,4,8,24,False,False,False,True
411852374,4,6,18,False,False,False,True
411852375,3,6,13,False,False,False,True
411852376,4,6,13,False,False,False,True
411852377,5,10,31,False,False,False,True
411852381,4,11,36,False,False,False,True
411852382,5,7,23,False,False,False,True
411852388,3,5,9,False,False,False,True
411852392,4,9,40,False,False,False,True
411852394,5,9,52,False,False,False,True
411852395,5,6,51,False,False,False,True
411852397,4,5,62,False,False,False,True
411852398,4,7,60,False,False,False,True
411852400,4,7,44,False,False,False,True
411852401,4,6,43,False,False,False,True
411852402,4,8,40,False,False,False,True
411852403,3,6,27,False,False,False,True
411852405,3,5,43,False,False,False,True
411852406,4,6,62,False,False,False,True
411852408,5,9,65,False,False,False,True
411852409,4,5,35,False,False,False,True
411852410,3,5,14,False,False,False,True
411852413,3,5,12,False,False,False,True
411852421,6,4,19,True,True,False,True
411852434,6,1,22,True,True,False,True
411852445,6,1,30,True,True,False,True
411852447,4,5,20,False,False,False,True
411852452,5,8,31,False,False,False,True
411852453,3,6,18,False,False,False,True
411852454,5,11,47,False,False,False,True
411934842,4,6,62,False,False,False,True
411934844,3,6,45,False,False,False,True
411934856,2,5,24,False,False,False,True
411934860,2,5,36,False,False,False,True
411934874,3,7,45,False,False,False,True
411934884,3,7,42,False,False,False,True
411934887,4,5,37,False,False,False,True
411934891,5,10,74,False,False,False,True
411934893,2,5,24,False,False,False,True
411934904,1,5,18,False,False,False,True
411935436,2,5,18,False,False,False,True
411935437,3,8,35,False,False,False,True
411935438,2,5,28,False,False,False,True
411935439,3,8,49,False,False,False,True
411935448,3,6,20,False,False,False,True
411935451,3,6,20,False,False,False,True
411935453,3,6,19,False,False,False,True
411935459,3,5,25,False,False,False,True
411935460,4,7,35,False,False,False,True
411935465,5,5,22,False,False,False,True
411935466,6,4,21,True,True,False,True
411941280,2,7,26,False,False,False,True
411941309,2,9,29,False,False,False,True
411941313,1,5,17,False,False,False,True
411941342,2,14,41,False,False,False,True
411941345,1,8,20,False,False,False,True
411941363,2,9,29,False,False,False,True
411941370,2,7,29,False,False,False,True
411941373,2,10,33,False,False,False,True
411941393,2,7,21,False,False,False,True
411941422,2,6,21,False,False,False,True
411941462,3,7,22,False,False,False,True
411941465,5,11,61,False,False,False,True
411941473,4,6,44,False,False,False,True
411941518,3,7,26,False,False,False,True
411941524,2,5,21,False,False,False,True
411941593,4,9,34,False,False,False,True
411941600,4,7,24,False,False,False,True
411941607,3,7,24,False,False,False,True
411941619,4,5,31,False,False,False,True
411941649,4,5,44,False,False,False,True
411941718,3,7,28,False,False,False,True
411941726,3,11,36,False,False,False,True
411941732,3,12,27,False,False,False,True
411941736,2,8,17,False,False,False,True
411941776,4,7,36,False,False,False,True
411941799,3,5,26,False,False,False,True
411941814,3,6,21,False,False,False,True
411941865,3,6,45,False,False,False,True
411941873,4,7,53,False,False,False,True
411941880,4,7,53,False,False,False,True
411941895,2,6,30,False,False,False,True
411941902,3,5,33,False,False,False,True
411941910,4,10,44,False,False,False,True
411941923,5,10,44,False,False,False,True
411941950,3,7,32,False,False,False,True
411941966,3,7,45,False,False,False,True
411941997,4,14,55,False,False,False,True
411942012,3,5,16,False,False,False,True
411942042,3,5,26,False,False,False,True
411942134,3,8,25,False,False,False,True
411942143,3,7,19,False,False,False,True
412184992,3,9,22,False,False,False,True
412184996,2,8,20,False,False,False,True
412184999,2,11,31,False,False,False,True
412185062,4,6,37,False,False,False,True
412185063,3,9,32,False,False,False,True
412185064,2,5,10,False,False,False,True
412185065,2,7,19,False,False,False,True
412185066,2,6,19,False,False,False,True
412185070,1,7,18,False,False,False,True
412185072,1,7,18,False,False,False,True
412185073,2,11,23,False,False,False,True
412185075,2,6,12,False,False,False,True
412185080,3,10,40,False,False,False,True
412185084,3,8,37,False,False,False,True
412185088,4,8,45,False,False,False,True
412185103,4,10,46,False,False,False,True
412185105,2,8,15,False,False,False,True
412185107,2,10,22,False,False,False,True
412185108,3,14,35,False,False,False,True
412185109,1,8,18,False,False,False,True
412185110,2,14,44,False,False,False,True
412185111,2,11,31,False,False,False,True
412185115,1,5,16,False,False,False,True
412185120,2,9,30,False,False,False,True
412185131,2,8,35,False,False,False,True
412185140,4,9,42,False,False,False,True
412185159,1,5,10,False,False,False,True
412185161,2,5,24,False,False,False,True
412185164,2,8,33,False,False,False,True
412189070,4,5,47,False,False,False,True
412189078,1,8,27,False,False,False,True
412189084,2,9,39,False,False,False,True
412189088,5,13,47,False,False,False,True
412189097,4,5,20,False,False,False,True
412189105,5,9,46,False,False,False,True
412189107,4,10,43,False,False,False,True
412189110,3,11,43,False,False,False,True
412189111,4,17,58,False,False,False,True
412189113,4,9,33,False,False,False,True
412189116,3,7,24,False,False,False,True
412189119,3,8,31,False,False,False,True
412189122,3,5,26,False,False,False,True
412189143,5,17,58,False,False,False,True
412189173,3,10,30,False,False,False,True
412189175,3,9,29,False,False,False,True
412189178,4,15,47,False,False,False,True
412189179,3,7,27,False,False,False,True
412189180,2,6,17,False,False,False,True
412189182,1,5,7,False,False,False,True
412189184,4,12,50,False,False,False,True
412189186,3,8,43,False,False,False,True
412189190,3,8,30,False,False,False,True
412189192,4,9,54,False,False,False,True
412189198,1,5,5,False,False,False,True
412189199,2,6,16,False,False,False,True
412189200,2,6,19,False,False,False,True
412189214,2,5,16,False,False,False,True
412189215,1,5,11,False,False,False,True
412189216,3,8,21,False,False,False,True
412189217,2,7,11,False,False,False,True
412189220,3,5,16,False,False,False,True
412189222,4,10,28,False,False,False,True
412189223,1,7,10,False,False,False,True
412189224,4,17,54,False,False,False,True
412189226,3,12,44,False,False,False,True
412189230,4,7,26,False,False,False,True
412191356,2,5,17,False,False,False,True
412191358,3,9,28,False,False,False,True
412191365,2,5,9,False,False,False,True
412191376,2,10,29,False,False,False,True
412191389,2,7,15,False,False,False,True
412191405,3,5,26,False,False,False,True
412191417,3,9,31,False,False,False,True
412191421,2,7,26,False,False,False,True
412191427,2,10,35,False,False,False,True
412191429,1,5,13,False,False,False,True
412191430,2,12,32,False,False,False,True
412191432,2,7,42,False,False,False,True
412191437,2,6,16,False,False,False,True
412191438,2,5,17,False,False,False,True
412191444,1,5,11,False,False,False,True
412191446,1,7,20,False,False,False,True
412191447,2,13,44,False,False,False,True
412191453,1,5,9,False,False,False,True
412191456,1,6,8,False,False,False,True
412191459,2,10,39,False,False,False,True
412191473,2,7,21,False,False,False,True
412191478,1,7,20,False,False,False,True
412191481,2,5,14,False,False,False,True
412191492,2,6,39,False,False,False,True
412191496,2,11,37,False,False,False,True
412191498,2,5,12,False,False,False,True
412191505,1,5,16,False,False,False,True
412191531,2,7,26,False,False,False,True
416139474,2,11,76,False,False,False,True
416139502,5,17,192,False,False,False,True
416139508,5,6,139,False,False,False,True
416139514,5,7,129,False,False,False,True
416139519,4,6,113,False,False,False,True
416139532,3,5,95,False,False,False,True
416139549,2,5,41,False,False,False,True
416139554,3,5,55,False,False,False,True
416139565,4,5,72,False,False,False,True
416139571,5,8,142,False,False,False,True
416139601,3,13,146,False,False,False,True
416139607,2,13,126,False,False,False,True
416139622,2,7,43,False,False,False,True
416139846,3,10,53,False,False,False,True
416139855,3,13,99,False,False,False,True
416139880,2,8,50,False,False,False,True
416140001,3,7,44,False,False,False,True
416140025,2,5,34,False,False,False,True
416140029,3,5,48,False,False,False,True
416140030,4,6,74,False,False,False,True
416140036,5,8,111,False,False,False,True
416140055,4,5,56,False,False,False,True
416140077,4,6,63,False,False,False,True
416140083,4,7,61,False,False,False,True
416140089,5,10,122,False,False,False,True
416140092,5,5,72,False,False,False,True
416140095,5,6,74,False,False,False,True
416140107,2,11,125,False,False,False,True
416140108,1,6,53,False,False,False,True
416148377,3,5,57,False,False,False,True
416148389,4,5,61,False,False,False,True
416148418,4,5,38,False,False,False,True
416148424,4,6,40,False,False,False,True
416148429,4,7,46,False,False,False,True
416148459,5,9,70,False,False,False,True
416148465,4,7,39,False,False,False,True
416148471,3,5,34,False,False,False,True
416148474,4,6,32,False,False,False,True
416148480,4,7,73,False,False,False,True
416148482,4,8,71,False,False,False,True
416148487,4,8,48,False,False,False,True
416148509,4,7,102,False,False,False,True
416148529,3,5,30,False,False,False,True
416148542,4,7,69,False,False,False,True
416151029,1,6,62,False,False,False,True
416151036,2,9,96,False,False,False,True
416151037,2,12,96,False,False,False,True
416151039,1,5,23,False,False,False,True
416151040,1,6,30,False,False,False,True
416151048,1,13,59,False,False,False,True
416151060,1,10,76,False,False,False,True
416151070,1,33,125,False,False,False,True
416151073,1,27,118,False,False,False,True
416151074,1,12,64,False,False,False,True
416151080,1,13,56,False,False,False,True
416151081,1,13,60,False,False,False,True
416151082,1,12,51,False,False,False,True
416151083,4,17,153,False,False,False,True
416151084,1,15,66,False,False,False,True
416151085,1,17,70,False,False,False,True
416151086,2,17,148,False,False,False,True
416151087,2,8,39,False,False,False,True
416151091,2,6,72,False,False,False,True
416151092,2,50,163,False,False,False,True
416151093,1,49,141,False,False,False,True
416151094,1,51,152,False,False,False,True
416151095,1,49,151,False,False,False,True
416151096,1,5,33,False,False,False,True
416151097,1,16,125,False,False,False,True
416152799,3,12,56,False,False,False,True
416152800,1,8,31,False,False,False,True
416152801,1,8,20,False,False,False,True
416152802,1,6,26,False,False,False,True
416152803,1,6,53,False,False,False,True
416152804,1,7,68,False,False,False,True
416152805,1,11,98,False,False,False,True
416152806,2,17,32,False,False,False,True
416152807,2,10,38,False,False,False,True
416152808,1,5,29,False,False,False,True
416152809,2,19,151,False,False,False,True
416152810,1,8,17,False,False,False,True
416152812,2,12,31,False,False,False,True
416152816,2,6,30,False,False,False,True
416152824,2,12,91,False,False,False,True
416152828,2,5,109,False,False,False,True
416152833,4,5,125,False,False,False,True
416152834,1,6,36,False,False,False,True
416152835,2,5,41,False,False,False,True
416152836,2,6,34,False,False,False,True
416152837,1,5,21,False,False,False,True
416152838,3,10,60,False,False,False,True
416152839,5,16,90,False,False,False,True
416152840,4,5,41,False,False,False,True
416152841,5,5,53,False,False,False,True
416152842,1,31,87,False,False,False,True
416152843,1,15,40,False,False,False,True
416152844,1,17,38,False,False,False,True
416152845,3,17,153,False,False,False,True
416152853,1,12,41,False,False,False,True
416152855,2,5,30,False,False,False,True
416152858,2,8,31,False,False,False,True
416152860,3,5,125,False,False,False,True
416152861,1,8,31,False,False,False,True
416152862,2,17,64,False,False,False,True
416152863,1,5,18,False,False,False,True
416152864,1,8,25,False,False,False,True
416152865,2,5,26,False,False,False,True
416152867,2,5,31,False,False,False,True
416152868,3,6,40,False,False,False,True
416152869,3,8,41,False,False,False,True
416152870,2,8,32,False,False,False,True
416626013,2,10,57,False,False,False,True
416626018,1,5,14,False,False,False,True
416626021,1,11,29,False,False,False,True
416626024,1,14,35,False,False,False,True
416626026,1,11,28,False,False,False,True
416626027,2,11,33,False,False,False,True
416626029,3,11,37,False,False,False,True
416626030,4,13,54,False,False,False,True
416626032,5,14,83,False,False,False,True
416626034,5,8,66,False,False,False,True
416626036,5,11,68,False,False,False,True
416626037,5,7,65,False,False,False,True
416626038,4,6,54,False,False,False,True
416626041,3,5,35,False,False,False,True
416626042,2,12,26,False,False,False,True
416626043,3,6,42,False,False,False,True
416626044,3,7,40,False,False,False,True
416626046,4,10,55,False,False,False,True
416626047,5,6,50,False,False,False,True
416626048,6,4,51,True,True,False,True
416626049,6,3,52,True,True,False,True
416626050,3,14,54,False,False,False,True
416626052,1,7,20,False,False,False,True
416626053,1,8,19,False,False,False,True
416626055,1,6,13,False,False,False,True
416626056,2,8,30,False,False,False,True
416626057,3,8,36,False,False,False,True
416626060,4,12,53,False,False,False,True
416626070,6,4,56,True,True,False,True
416626073,6,4,60,True,True,False,True
416626085,4,6,48,False,False,False,True
416626092,3,5,37,False,False,False,True
416626093,4,6,38,False,False,False,True
416626098,4,9,52,False,False,False,True
416626101,4,8,53,False,False,False,True
416626102,5,6,49,False,False,False,True
416626111,4,11,43,False,False,False,True
416626114,2,9,28,False,False,False,True
416628562,2,7,22,False,False,False,True
416628578,3,8,31,False,False,False,True
416628591,4,17,62,False,False,False,True
416628605,4,5,41,False,False,False,True
416628618,4,6,47,False,False,False,True
416628694,4,10,62,False,False,False,True
416628696,4,10,55,False,False,False,True
416628698,5,15,71,False,False,False,True
416628702,4,9,40,False,False,False,True
416628705,3,8,34,False,False,False,True
416628710,2,5,17,False,False,False,True
416628712,1,5,10,False,False,False,True
416628719,3,6,23,False,False,False,True
416628724,3,10,38,False,False,False,True
416628739,4,9,47,False,False,False,True
416628747,5,15,68,False,False,False,True
416628757,3,7,36,False,False,False,True
416628864,5,12,70,False,False,False,True
416628866,4,12,64,False,False,False,True
416628872,2,9,36,False,False,False,True
416628882,3,6,36,False,False,False,True
416628884,4,12,64,False,False,False,True
416628890,3,11,57,False,False,False,True
416628891,3,9,46,False,False,False,True
416628896,3,5,42,False,False,False,True
416628907,3,7,55,False,False,False,True
416628932,2,6,35,False,False,False,True
416628942,5,17,77,False,False,False,True
416628952,4,6,32,False,False,False,True
416628976,5,9,46,False,False,False,True
416628981,6,3,36,True,True,False,True
416631619,2,5,39,False,False,False,True
416631621,2,8,30,False,False,False,True
416631622,3,9,44,False,False,False,True
416631623,3,8,46,False,False,False,True
416631624,2,11,54,False,False,False,True
416631625,1,7,19,False,False,False,True
416635646,1,11,19,False,False,False,True
416635652,2,10,60,False,False,False,True
416635655,1,12,73,False,False,False,True
416635657,1,6,48,False,False,False,True
416635658,2,22,166,False,False,False,True
416635661,1,12,80,False,False,False,True
416635664,1,28,132,False,False,False,True
416636889,3,8,43,False,False,False,True
416636895,1,10,18,False,False,False,True
416637893,2,10,59,False,False,False,True
416637910,3,5,41,False,False,False,True
416637915,4,6,40,False,False,False,True
416637919,4,12,40,False,False,False,True
416637924,3,11,27,False,False,False,True
416637930,2,11,26,False,False,False,True
416637939,1,11,16,False,False,False,True
416637947,1,17,37,False,False,False,True
416637958,1,7,13,False,False,False,True
416637968,2,13,55,False,False,False,True
416637977,2,9,59,False,False,False,True
416638557,4,12,68,False,False,False,True
416638559,5,15,79,False,False,False,True
416638560,6,3,45,True,True,False,True
416638944,3,9,44,False,False,False,True
416638948,4,12,52,False,False,False,True
416638950,5,14,67,False,False,False,True
416638952,3,12,69,False,False,False,True
416638954,3,12,44,False,False,False,True
416638955,4,12,57,False,False,False,True
416638956,3,5,26,False,False,False,True
416638958,3,5,14,False,False,False,True
416638959,3,7,16,False,False,False,True
416638960,2,5,13,False,False,False,True
416638961,4,8,48,False,False,False,True
416639164,2,9,52,False,False,False,True
416639166,2,12,37,False,False,False,True
416639167,3,12,47,False,False,False,True
416639169,2,5,14,False,False,False,True
416639170,2,6,11,False,False,False,True
416639171,1,6,30,False,False,False,True
416639173,1,9,28,False,False,False,True
416639174,2,9,36,False,False,False,True
416639176,3,11,34,False,False,False,True
416639177,2,5,18,False,False,False,True
416639178,3,8,26,False,False,False,True
416639179,2,5,15,False,False,False,True
416639180,2,5,10,False,False,False,True
416639184,3,6,19,False,False,False,True
416639186,3,6,24,False,False,False,True
416639187,2,5,18,False,False,False,True
416641030,2,11,64,False,False,False,True
416641032,2,13,38,False,False,False,True
416641033,2,10,25,False,False,False,True
416641034,2,8,23,False,False,False,True
416641035,2,8,24,False,False,False,True
416641036,3,13,36,False,False,False,True
416641037,4,13,40,False,False,False,True
416641039,4,7,34,False,False,False,True
416641040,3,5,22,False,False,False,True
416641042,3,16,38,False,False,False,True
416641044,3,6,28,False,False,False,True
416641045,1,9,14,False,False,False,True
416641046,1,13,17,False,False,False,True
416641047,1,7,12,False,False,False,True
416641048,1,8,14,False,False,False,True
416641049,1,12,20,False,False,False,True
416641050,1,9,12,False,False,False,True
416641051,3,15,30,False,False,False,True
416641052,4,10,36,False,False,False,True
416641056,2,6,25,False,False,False,True
416641057,1,12,24,False,False,False,True
416641059,1,15,22,False,False,False,True
416643436,3,5,19,False,False,False,True
416643464,1,5,19,False,False,False,True
416643472,1,7,18,False,False,False,True
416643480,1,20,30,False,False,False,True
416643488,1,8,16,False,False,False,True
416643495,1,5,10,False,False,False,True
416643496,1,5,14,False,False,False,True
416643500,2,22,44,False,False,False,True
416643505,1,7,16,False,False,False,True
416643535,2,9,36,False,False,False,True
416643545,1,7,15,False,False,False,True
416645110,2,7,41,False,False,False,True
416645112,2,11,33,False,False,False,True
416646533,1,9,45,False,False,False,True
416649235,2,9,68,False,False,False,True
416649240,1,7,24,False,False,False,True
416649244,1,7,10,False,False,False,True
416649248,1,12,39,False,False,False,True
416649252,1,9,16,False,False,False,True
416649255,2,18,32,False,False,False,True
416649299,2,8,18,False,False,False,True
416649300,1,5,8,False,False,False,True
416649301,1,10,16,False,False,False,True
416649308,2,7,13,False,False,False,True
416649309,2,11,20,False,False,False,True
416649310,2,10,34,False,False,False,True
416649311,3,17,45,False,False,False,True
416652512,2,5,12,False,False,False,True
416652519,1,5,18,False,False,False,True
416652521,4,14,48,False,False,False,True
416652522,3,11,39,False,False,False,True
416652523,2,9,35,False,False,False,True
416652524,2,9,33,False,False,False,True
416652534,2,5,17,False,False,False,True
416652535,3,8,34,False,False,False,True
416652536,3,6,18,False,False,False,True
416652537,3,6,23,False,False,False,True
416652538,3,5,32,False,False,False,True
416652539,3,9,37,False,False,False,True
416652540,2,6,29,False,False,False,True
416652541,2,5,17,False,False,False,True
416652542,2,7,23,False,False,False,True
416652543,1,6,21,False,False,False,True
416652548,2,5,13,False,False,False,True
416652549,2,10,39,False,False,False,True
416652550,2,10,52,False,False,False,True
416652551,2,15,66,False,False,False,True
416652552,1,7,19,False,False,False,True
416652553,2,9,22,False,False,False,True
416658266,2,6,30,False,False,False,True
416658268,3,5,24,False,False,False,True
471578135,2,10,16,False,False,False,True
471578682,3,10,16,False,False,False,True
471603980,3,5,18,False,False,False,True
471603981,3,5,24,False,False,False,True
471604488,4,7,38,False,False,False,True
472195903,3,5,39,False,False,False,True
472198453,2,8,16,False,False,False,True
472203351,4,11,57,False,False,False,True
472203352,3,6,28,False,False,False,True
472203795,4,8,36,False,False,False,True
472205355,2,8,66,False,False,False,True
475767882,4,6,30,False,False,False,True
475767951,4,7,33,False,False,False,True
486215569,2,10,47,False,False,False,True
486218236,4,9,36,False,False,False,True
486218248,2,6,20,False,False,False,True
486218260,3,6,21,False,False,False,True
486218270,4,11,62,False,False,False,True
486222770,4,9,33,False,False,False,True
486223556,3,9,33,False,False,False,True
486228805,3,16,74,False,False,False,True
486231088,2,10,58,False,False,False,True
486231106,2,8,64,False,False,False,True
486231885,2,6,20,False,False,False,True
486233533,3,11,59,False,False,False,True
486235842,3,6,27,False,False,False,True
486237078,3,12,51,False,False,False,True
486237088,2,6,25,False,False,False,True
486237094,3,6,27,False,False,False,True
486242424,3,5,26,False,False,False,True
486243992,1,5,9,False,False,False,True
486245336,2,5,27,False,False,False,True
486246673,3,5,27,False,False,False,True
495672266,3,6,43,False,False,False,True
495672277,4,9,74,False,False,True,True
495672315,3,7,42,False,False,True,True
528529058,2,6,54,False,False,False,True
528529073,1,18,136,False,False,False,True
528529082,1,14,88,False,False,False,True
528529089,3,13,156,False,False,False,True
791159757,5,9,69,False,False,False,True
791159773,2,15,58,False,False,False,True
791159777,3,6,40,False,False,False,True
791159784,2,6,28,False,False,False,True
791159796,3,5,21,False,False,False,True
791159827,1,5,8,False,False,False,True
791159831,2,7,52,False,False,False,True
791159851,1,5,24,False,False,False,True
791159908,1,50,165,False,False,False,True
791159960,2,6,30,False,False,False,True
791159983,2,5,37,False,False,False,True
791159996,4,7,32,False,False,False,True
791160022,3,9,46,False,False,False,True
791160024,4,9,58,False,False,False,True
791160035,1,5,63,False,False,False,True
791160039,4,5,46,False,False,False,True
791160050,2,5,52,False,False,False,True
791160079,4,11,54,False,False,False,True
791160089,4,6,44,False,False,False,True
791160122,1,8,46,False,False,False,True
791160126,2,6,34,False,False,False,True
791160141,2,5,12,False,False,False,True
791160176,4,5,125,False,False,False,True
791160205,2,6,55,False,False,False,True
791160216,3,7,41,False,False,False,True
791160239,2,5,19,False,False,False,True
791160242,3,10,51,False,False,False,True
791160246,2,11,48,False,False,False,True
791160270,2,6,36,False,False,False,True
821403036,4,6,39,False,False,False,True
821403037,4,6,40,False,False,False,True
821403039,4,5,31,False,False,False,True
821403040,5,7,60,False,False,False,True
821403041,4,6,38,False,False,False,True
821403042,4,5,36,False,False,False,True
821403043,3,5,13,False,False,False,True
821403044,5,8,52,False,False,False,True
821403045,5,16,85,False,False,False,True
821403049,3,6,47,False,False,True,True
821403051,3,5,51,False,False,True,True
821403063,4,7,52,False,False,True,True
821403065,3,9,51,False,False,False,True
821403067,4,10,59,False,False,False,True
821403073,5,5,29,False,False,False,True
821403074,4,11,64,False,False,False,True
821403076,5,12,74,False,False,False,True
821403078,4,5,43,False,False,False,True
821403079,4,5,25,False,False,False,True
821403081,4,5,31,False,False,False,True
821403087,3,10,53,False,False,False,True
821403100,4,5,35,False,False,False,True
1047198965,2,9,42,False,False,False,True
1047198966,3,5,33,False,False,False,True
1047198976,2,9,42,False,False,False,True
1047198977,4,5,65,False,False,False,True
1047198978,2,7,41,False,False,True,True
1047198981,3,5,43,False,False,True,True
1047198983,4,6,41,False,False,False,True
1047198985,3,6,33,False,False,True,True
1047198986,5,7,70,False,False,False,True
1047198988,1,5,27,False,False,False,True
1047198990,3,6,40,False,False,True,True
1047198993,2,7,41,False,False,True,True
1047198998,3,8,56,False,False,True,True
1047198999,1,5,21,False,False,False,True
1047199000,4,13,79,False,False,False,True
1047199002,4,5,53,False,False,False,True
1047199003,4,6,64,False,False,True,True
1047199005,3,7,50,False,False,True,True
1047199006,4,6,79,False,False,False,True
1047199009,3,12,59,False,False,False,True
1047199010,2,5,28,False,False,False,True
1047199014,4,5,39,False,False,False,True
1047199017,3,10,57,False,False,False,True
1047199018,6,2,66,True,True,False,True
1047199019,3,7,42,False,False,False,True
1047200457,6,1,48,True,True,False,True
1047203614,4,5,23,False,False,False,True
1273457212,4,8,55,False,False,False,True
1273458392,2,7,31,False,False,False,True
1273465686,4,9,68,False,False,False,True
1273470934,5,14,92,False,False,False,True
1273471475,3,23,96,False,False,False,True
1273480581,3,5,27,False,False,False,True
1273500279,4,22,126,False,False,False,True
1273510890,2,9,68,False,False,False,True
1273517754,4,16,49,False,False,False,True
1273522086,2,14,51,False,False,False,True
1273525899,2,6,18,False,False,False,True
1273530555,3,12,40,False,False,False,True
1273535341,5,10,57,False,False,False,True
1273537625,3,7,32,False,False,False,True
1273538310,3,6,46,False,False,False,True
1273586940,5,9,44,False,False,False,True
1273590578,4,6,36,False,False,False,True
1273607335,4,12,62,False,False,False,True
1273623330,3,18,93,False,False,False,True
1273634809,2,7,45,False,False,False,True
1273635626,3,8,36,False,False,False,True
1273642363,3,6,31,False,False,False,True
1273644523,1,7,20,False,False,False,True
1273646212,3,6,42,False,False,False,True
1273661734,4,6,33,False,False,False,True
1273676620,4,7,42,False,False,False,True
1273689043,4,6,27,False,False,False,True
1273690517,3,6,26,False,False,False,True
1273693026,4,9,48,False,False,False,True
1273701962,3,58,212,False,False,False,True
1273703037,2,10,24,False,False,False,True
1273709194,3,14,44,False,False,False,True
1273717090,6,4,33,True,True,False,True
1273718743,3,13,108,False,False,False,True
1273725720,1,8,40,False,False,False,True
1273743235,2,9,25,False,False,False,True
1273767554,5,5,36,False,False,False,True
1273785913,3,5,23,False,False,False,True
1273807175,3,9,43,False,False,False,True
1273826888,4,7,44,False,False,False,True
1273833547,3,7,18,False,False,False,True
1273862740,5,7,58,False,False,False,True
1273866456,3,6,31,False,False,False,True
1273873407,4,14,67,False,False,False,True
1273882974,4,9,37,False,False,False,True
1273890332,2,54,189,False,False,False,True
1273895433,5,5,39,False,False,False,True
1273896483,4,15,77,False,False,False,True
1273901032,1,5,8,False,False,False,True
1273903808,5,5,51,False,False,False,True
1273931307,6,1,26,True,True,False,True
1273938938,1,6,15,False,False,False,True
1273942237,4,6,30,False,False,False,True
1273946531,4,9,48,False,False,False,True
1273960035,3,6,22,False,False,False,True
1273984542,2,5,12,False,False,False,True
1273985041,1,5,12,False,False,False,True
1273987499,2,5,15,False,False,False,True
1354143288,1,6,13,False,False,False,True
1354143294,4,5,22,False,False,False,True
1354143319,2,5,13,False,False,False,True
1354143327,4,6,27,False,False,False,True
1427773408,3,7,33,False,False,False,True
1439325076,2,9,95,False,False,False,True
1439325077,1,5,46,False,False,False,True
1439325079,2,6,77,False,False,False,True
1439325185,3,6,15,False,False,False,True
1482461366,3,9,34,False,False,False,True
1578885799,3,7,18,False,False,False,True
1578885919,2,10,13,False,False,False,True
1578886129,3,8,25,False,False,False,True
1578886263,2,6,16,False,False,False,True
1578886374,4,10,30,False,False,False,True
1578886501,4,10,34,False,False,False,True
1578886560,4,5,23,False,False,False,True
1578886609,2,10,16,False,False,False,True
1658530993,3,5,31,False,False,False,True
1658531210,4,5,33,False,False,False,True
1658531281,5,5,33,False,False,False,True
1658531314,1,8,22,False,False,False,True
1658531321,1,8,26,False,False,False,True
1658531340,4,15,55,False,False,False,True
1658531369,3,11,37,False,False,False,True
1658531412,4,21,52,False,False,False,True
1658531423,4,6,36,False,False,False,True
1658531432,2,17,28,False,False,False,True
1658531437,3,5,29,False,False,False,True
1658531439,3,5,22,False,False,False,True
1658531441,5,7,45,False,False,False,True
1658531532,3,10,24,False,False,False,True
1658531621,4,21,69,False,False,False,True
1752455996,2,13,63,False,False,False,True
1752455997,2,5,36,False,False,False,True
1752456001,3,58,223,False,False,False,True
1757193690,3,15,56,False,False,False,True
1757193691,3,15,82,False,False,False,True
1757193693,4,5,31,False,False,False,True
1757193713,5,9,38,False,False,False,True
1757193755,6,0,3,True,False,False,False
1757193787,5,5,31,False,False,False,True
1757193811,3,5,15,False,False,False,True
1757193820,4,7,94,False,False,False,True
1757198501,1,48,71,False,False,False,True
1757198502,1,26,34,False,False,False,True
1757198533,3,5,36,False,False,False,True
1757198586,4,24,196,False,False,False,True
1757198626,3,24,196,False,False,False,True
1757198646,1,39,152,False,False,False,True
1757198711,2,22,184,False,False,False,True
1831682571,1,10,52,False,False,False,True
1831682596,4,17,78,False,False,False,True
1831682598,3,6,49,False,False,False,True
1831705162,4,6,28,False,False,False,True
1831705163,5,7,35,False,False,False,True
1834487725,3,6,21,False,False,False,True
1834487728,4,6,52,False,False,False,True
1834487730,4,5,40,False,False,False,True
1834697108,2,7,36,False,False,True,True
1834697110,3,12,65,False,False,False,True
1839993080,2,5,58,False,False,False,True
1840038920,3,5,31,False,False,False,True
1840038921,4,5,42,False,False,False,True
1840038922,5,12,86,False,False,False,True
1840038923,3,7,45,False,False,False,True
1840926949,2,54,180,False,False,False,True
1840926953,4,17,143,False,False,False,True
1841059592,2,6,44,False,False,False,True
1841059599,2,10,53,False,False,False,True
1841915484,2,12,47,False,False,False,True
1841915486,1,6,19,False,False,False,True
1841915496,6,1,57,True,True,False,True
1841915498,6,1,50,True,True,False,True
1873961635,2,11,30,False,False,False,True
1873961636,3,9,40,False,False,False,True
1873961645,4,14,68,False,False,False,True
1873961647,3,12,66,False,False,False,True
1873961649,5,15,78,False,False,False,True
1873961650,4,9,44,False,False,False,True
1873961651,4,5,29,False,False,False,True
1873964953,3,14,53,False,False,False,True
1873964954,2,5,8,False,False,False,True
1873964961,2,9,35,False,False,False,True
1873964963,5,14,67,False,False,False,True
1873964964,3,5,43,False,False,False,True
1873968202,2,5,13,False,False,False,True
1873968203,2,5,16,False,False,False,True
1903604893,1,17,34,False,False,False,True
1903604898,1,10,17,False,False,False,True
1903604900,1,8,26,False,False,False,True
1903604903,3,14,73,False,False,False,True
1903604905,2,9,44,False,False,False,True
1903604911,4,6,100,False,False,False,True
1903604939,4,6,77,False,False,False,True
1903604941,2,8,40,False,False,False,True
1903604943,1,5,19,False,False,False,True
1903604945,2,11,48,False,False,False,True
1903604948,1,5,29,False,False,False,True
1903604956,2,9,30,False,False,False,True
2086871506,5,5,19,False,False,False,True
2144234490,2,6,61,False,False,False,True
2144234659,2,6,44,False,False,False,True
2144234661,2,53,190,False,False,False,True
2144234833,4,8,46,False,False,False,True
2177257633,1,6,27,False,False,False,True
2177261770,4,6,36,False,False,False,True
2182554474,1,11,24,False,False,False,True
2182559604,4,23,215,False,False,False,True
2182563510,2,9,26,False,False,False,True
2182563512,2,5,16,False,False,False,True
2182563513,3,9,30,False,False,False,True
2182563515,3,11,31,False,False,False,True
2383676703,3,7,39,False,False,False,True
2383676704,2,5,17,False,False,False,True
2383676705,1,6,16,False,False,False,True
2383676706,1,6,17,False,False,False,True
2383676708,1,6,22,False,False,False,True
2383676709,4,8,140,False,False,False,True
2383676710,2,7,39,False,False,False,True
2833127114,4,9,31,False,False,False,True
2833127129,5,9,31,False,False,False,True
2833168171,3,5,21,False,False,False,True
2833857426,3,13,86,False,False,False,True
2833857427,3,9,19,False,False,False,True
2840658981,2,7,39,False,False,False,True
2840658983,3,5,32,False,False,False,True
2840658984,4,10,42,False,False,False,True
2840658986,4,7,36,False,False,False,True
2840658987,4,6,37,False,False,False,True
2840658993,4,8,48,False,False,False,True
2840658996,3,5,31,False,False,False,True
2974860564,2,6,16,False,False,False,True
2974860565,2,6,34,False,False,False,True
2981953732,3,6,17,False,False,False,True
2981967064,3,10,22,False,False,False,True
2987037505,1,18,89,False,False,False,True
2987037506,1,44,108,False,False,False,True
2987037508,1,15,57,False,False,False,True
3023386394,3,14,43,False,False,False,True
3023386397,2,9,33,False,False,False,True
3023386402,2,10,46,False,False,False,True
3023386405,2,7,55,False,False,False,True
3023386408,1,6,25,False,False,False,True
3023386411,1,6,28,False,False,False,True
3023386414,1,6,20,False,False,False,True
3023386416,2,8,29,False,False,False,True
3023386421,2,7,25,False,False,False,True
3023386423,3,7,25,False,False,False,True
3038365324,2,8,18,False,False,False,True
3038365363,4,5,16,False,False,False,True
3054465074,3,11,52,False,False,False,True
3235587567,1,5,21,False,False,False,True
3342114051,3,7,37,False,False,False,True
3342114052,4,7,47,False,False,False,True
3394759568,2,10,29,False,False,False,True
3394759570,1,7,15,False,False,False,True
3394759571,3,7,21,False,False,False,True
3394759572,3,9,20,False,False,False,True
3394759573,2,7,21,False,False,False,True
3394759578,2,8,28,False,False,False,True
3394759579,3,8,28,False,False,False,True
3394759580,1,6,21,False,False,False,True
3394762711,3,9,23,False,False,False,True
3394762712,3,6,22,False,False,False,True
3394762713,2,5,9,False,False,False,True
3394762714,3,5,9,False,False,False,True
3394772657,4,14,38,False,False,False,True
3394772659,5,14,38,False,False,False,True
3394777150,5,12,36,False,False,False,True
3394788503,4,5,54,False,False,False,True
3394793730,3,5,23,False,False,False,True
3394793731,2,5,18,False,False,False,True
3394799441,5,9,57,False,False,False,True
3417612006,3,5,21,False,False,False,True
3420006251,2,18,109,False,False,False,True
3484320795,4,8,34,False,False,False,True
3484320798,3,5,24,False,False,False,True
3519436105,1,10,11,False,False,False,True
3519436107,3,9,67,False,False,False,True
3519436110,1,10,15,False,False,False,True
3519436113,1,9,19,False,False,False,True
3519436114,2,12,22,False,False,False,True
3519436122,2,5,14,False,False,False,True
3743408024,2,9,29,False,False,False,True
3743408630,2,5,21,False,False,False,True
3992264573,5,7,18,False,False,False,True
3992264574,4,7,18,False,False,False,True
3992266291,4,5,26,False,False,False,True
4002838339,4,7,39,False,False,False,True
4002838340,4,10,44,False,False,False,True
4002838341,3,10,43,False,False,False,True
4002838342,2,8,22,False,False,False,True
4002838343,2,8,25,False,False,False,True
4002838344,1,5,15,False,False,False,True
4002838345,1,11,21,False,False,False,True
4002838346,1,6,11,False,False,False,True
4002838347,2,8,24,False,False,False,True
4002838348,3,8,31,False,False,False,True
4002838349,3,5,32,False,False,False,True
4002838351,5,9,61,False,False,False,True
4002838352,5,7,67,False,False,False,True
4002838353,5,13,83,False,False,False,True
4002838355,3,8,48,False,False,False,True
4002838356,2,8,35,False,False,False,True
4002838357,1,7,28,False,False,False,True
4002838358,2,10,54,False,False,False,True
4002838359,2,11,58,False,False,False,True
4002838365,1,10,44,False,False,False,True
4002838366,4,9,53,False,False,False,True
4002838367,5,5,65,False,False,False,True
4003418801,4,6,26,False,False,False,True
4003442656,4,8,29,False,False,False,True
4003442657,5,10,38,False,False,False,True
4019473321,2,8,24,False,False,False,True
4035032465,3,22,119,False,False,False,True
4035032467,2,10,66,False,False,False,True
4035032469,1,5,21,False,False,False,True
4053998977,1,6,28,False,False,False,True
4077492520,3,5,40,False,False,False,True
4103896335,4,6,23,False,False,False,True
4103896336,4,6,26,False,False,False,True
4103896337,4,5,19,False,False,False,True
4103896371,5,5,36,False,False,False,True
4103901027,4,8,20,False,False,False,True
4103901029,3,5,12,False,False,False,True
4103904082,4,8,27,False,False,False,True
4103904084,4,5,20,False,False,False,True
4103904085,5,6,24,False,False,False,True
4103904087,5,6,23,False,False,False,True
4103905584,6,1,30,True,True,False,True
4103907393,4,6,13,False,False,False,True
4137674561,1,5,10,False,False,False,True
4138998028,3,9,32,False,False,False,True
4138998030,1,7,18,False,False,False,True
4138998032,3,11,44,False,False,False,True
4138998033,3,5,26,False,False,False,True
4138998035,4,5,35,False,False,False,True
4138998036,5,6,61,False,False,False,True
4138998037,6,3,59,True,True,False,True
4138998038,6,3,51,True,True,False,True
4138998040,5,10,64,False,False,False,True
4138998041,4,8,53,False,False,False,True
4139030389,3,8,31,False,False,False,True
4139030392,2,8,29,False,False,False,True
4139030399,2,7,22,False,False,False,True
4139030401,1,5,24,False,False,False,True
4139030403,1,6,27,False,False,False,True
4139051148,3,5,22,False,False,False,True
4143594030,2,5,28,False,False,False,True
4143594032,3,7,33,False,False,False,True
4172468599,3,7,30,False,False,False,True
4172468600,4,6,36,False,False,False,True
4172468616,4,8,52,False,False,False,True
4172468620,3,5,21,False,False,False,True
4172468621,3,5,21,False,False,False,True
4172468622,2,8,15,False,False,False,True
4172468623,3,11,25,False,False,False,True
4172468624,4,10,38,False,False,False,True
4172468658,3,7,20,False,False,False,True
4172468659,3,13,44,False,False,False,True
4172468660,3,7,15,False,False,False,True
4175013601,1,12,25,False,False,False,True
4177208911,1,18,21,False,False,False,True
4177208912,1,43,61,False,False,False,True
4214306650,2,7,14,False,False,False,True
4267524453,2,6,16,False,False,False,True
4267524454,3,5,17,False,False,False,True
4267524458,3,5,19,False,False,False,True
4270041071,1,5,23,False,False,False,True
4270041072,2,6,29,False,False,False,True
4270041073,3,7,30,False,False,False,True
4270041075,3,7,33,False,False,False,True
4270041082,4,7,38,False,False,False,True
4270041083,5,13,57,False,False,False,True
4270653069,4,8,40,False,False,False,True
4270653070,3,5,25,False,False,False,True
4284967346,3,5,18,False,False,False,True
4309992910,1,12,22,False,False,False,True
4332957154,4,15,62,False,False,False,True
4333909116,3,11,60,False,False,False,True
4333909117,2,10,43,False,False,False,True
4333909118,2,5,28,False,False,False,True
4333909119,3,6,29,False,False,False,True
4337424235,2,6,27,False,False,False,True
4337424236,1,6,16,False,False,False,True
4337424237,2,10,37,False,False,False,True
4337767279,4,5,29,False,False,False,True
4337767280,5,8,38,False,False,False,True
4354479063,2,11,57,False,False,False,True
4354479064,2,5,44,False,False,False,True
4354479065,2,8,54,False,False,False,True
4354479067,2,17,97,False,False,False,True
4354479069,1,7,38,False,False,False,True
4354479071,1,5,10,False,False,False,True
4354479073,1,5,8,False,False,False,True
4354479075,2,9,19,False,False,False,True
4354489357,1,7,36,False,False,False,True
4354593592,4,10,71,False,False,False,True
4354593593,3,6,43,False,False,False,True
4354593594,2,5,37,False,False,False,True
4354593596,1,5,22,False,False,False,True
4354593599,1,5,23,False,False,False,True
4354593600,2,11,46,False,False,False,True
4354604902,3,5,42,False,False,False,True
4354709711,4,13,99,False,False,False,True
4354712187,3,6,78,False,False,False,True
4354717067,4,14,171,False,False,False,True
4354726733,6,4,118,True,True,False,True
4354726760,2,5,22,False,False,False,True
4354745237,4,6,33,False,False,True,True
4354745238,5,5,54,False,False,False,True
4356139159,5,8,74,False,False,False,True
4356139160,4,6,64,False,False,False,True
4356139163,3,8,101,False,False,False,True
4356151457,3,5,60,False,False,False,True
4356244283,5,6,41,False,False,False,True
4356244284,5,10,52,False,False,False,True
4356286904,3,7,44,False,False,False,True
4356286908,4,7,53,False,False,False,True
4356286909,4,11,60,False,False,False,True
4356286913,3,5,36,False,False,False,True
4356300260,3,5,24,False,False,False,True
4356300261,4,7,55,False,False,False,True
4356300264,3,5,40,False,False,False,True
4356300265,4,6,66,False,False,False,True
4356300268,5,8,79,False,False,False,True
4356341631,5,6,62,False,False,False,True
4356341640,2,5,15,False,False,False,True
4356341641,1,5,14,False,False,False,True
4356341646,1,6,16,False,False,False,True
4356341647,2,6,16,False,False,False,True
4356489167,1,8,17,False,False,False,True
4356497992,2,6,21,False,False,False,True
4356505464,5,12,76,False,False,False,True
4356505465,6,4,35,True,True,False,True
4356543966,4,7,18,False,False,False,True
4356543967,4,5,9,False,False,False,True
4356543972,4,7,16,False,False,False,True
4356551493,3,7,14,False,False,False,True
4356562298,4,8,49,False,False,False,True
4356562309,3,7,45,False,False,False,True
4356562313,4,9,52,False,False,False,True
4356562314,4,6,44,False,False,False,True
4356562318,4,9,54,False,False,False,True
4356617046,1,5,16,False,False,False,True
4356617053,2,6,30,False,False,False,True
4356617069,2,9,39,False,False,False,True
4356617073,1,9,31,False,False,False,True
4356633401,5,6,64,False,False,True,True
4356633402,5,6,81,False,False,True,True
4356633418,6,1,50,True,True,False,True
4356633427,6,1,60,True,True,False,True
4356760107,4,5,41,False,False,False,True
4356762563,2,6,36,False,False,False,True
4357611427,2,6,17,False,False,False,True
4357611428,2,5,14,False,False,False,True
4357660621,3,9,35,False,False,False,True
4357682380,4,7,42,False,False,False,True
4357682592,5,5,37,False,False,False,True
4357682597,6,4,44,True,True,False,True
4357769361,2,9,32,False,False,False,True
4357800105,3,9,35,False,False,False,True
4357813515,5,7,21,False,False,False,True
4358027276,2,6,37,False,False,False,True
4358027277,3,7,43,False,False,False,True
4358121219,4,15,90,False,False,False,True
4358195621,2,12,51,False,False,False,True
4358198465,1,17,80,False,False,False,True
4362250640,4,8,46,False,False,False,True
4363575411,4,7,36,False,False,False,True
4365200062,1,8,32,False,False,False,True
4365200065,2,14,60,False,False,False,True
4365225103,2,8,95,False,False,False,True
4365225105,2,11,77,False,False,False,True
4367935650,1,5,15,False,False,False,True
4367938505,1,8,18,False,False,False,True
4369785077,2,6,62,False,False,False,True
4410750844,1,6,11,False,False,False,True
4411708086,2,8,37,False,False,False,True
4411708087,1,8,34,False,False,False,True
4411708088,1,10,38,False,False,False,True
4411708090,3,26,126,False,False,False,True
4411745639,2,11,54,False,False,False,True
4411745640,3,17,86,False,False,False,True
4442803306,4,8,48,False,False,False,True
4442841586,3,7,18,False,False,False,True
4442841895,3,5,16,False,False,False,True
4442878602,4,5,21,False,False,False,True
4442989683,2,7,30,False,False,False,True
4443006508,3,5,46,False,False,True,True
4443017678,3,7,26,False,False,False,True
4458459085,3,9,44,False,False,False,True
4458459086,3,13,45,False,False,False,True
4464126718,4,5,9,False,False,False,True
4557833547,5,6,74,False,False,False,True
4567928684,6,4,42,True,True,False,True
4567928685,5,5,44,False,False,False,True
4567928686,6,4,41,True,True,False,True
4567928687,5,5,48,False,False,False,True
4570857559,3,5,16,False,False,False,True
4570857564,3,5,16,False,False,False,True
4729729116,1,5,7,False,False,False,True
4784711934,3,5,16,False,False,False,True
4905120546,2,8,22,False,False,False,True
4905120550,4,10,46,False,False,False,True
4927553718,3,7,24,False,False,False,True
4927554323,2,5,18,False,False,False,True
5090267741,4,8,47,False,False,False,True
5090267745,4,8,44,False,False,False,True
5425051729,4,8,46,False,False,False,True
5425137096,5,6,30,False,False,False,True
5425280255,3,10,26,False,False,False,True
5432437519,2,6,21,False,False,False,True
5434214709,3,10,74,False,False,False,True
5434214710,2,5,46,False,False,False,True
5434214711,2,7,50,False,False,False,True
5434214712,2,12,58,False,False,False,True
5434214713,1,11,33,False,False,False,True
5434214714,2,12,49,False,False,False,True
5434214716,3,10,74,False,False,False,True
5434216027,2,10,20,False,False,False,True
5434216028,3,7,39,False,False,False,True
5434216029,2,6,23,False,False,False,True
5487370232,5,8,46,False,False,False,True
5491440835,4,6,53,False,False,False,True
5491602717,3,11,32,False,False,False,True
5543305830,4,11,31,False,False,False,True
5550688390,6,0,3,True,False,False,False
5713767274,5,13,68,False,False,False,True
5713767275,4,8,41,False,False,False,True
5734541270,3,8,36,False,False,False,True
5734541275,5,9,36,False,False,False,True
5835252252,2,5,25,False,False,False,True
5835252253,3,5,29,False,False,False,True
5846534076,2,6,22,False,False,False,True
5861480221,3,5,96,False,False,False,True
5874072761,2,6,18,False,False,False,True
5874072762,1,5,16,False,False,False,True
5874072772,3,5,38,False,False,False,True
5874072908,4,10,58,False,False,False,True
5874072909,3,6,29,False,False,False,True
5874072919,4,11,28,False,False,False,True
5874072920,3,7,12,False,False,False,True
5874072954,5,8,63,False,False,False,True
5874072955,3,6,50,False,False,False,True
5874072971,4,8,27,False,False,False,True
5874072972,4,9,29,False,False,False,True
5967557105,4,6,40,False,False,False,True
5967557106,5,11,55,False,False,False,True
6128963337,4,5,41,False,False,False,True
6128970033,4,6,20,False,False,False,True
6129059501,4,7,24,False,False,False,True
6129326986,1,9,19,False,False,False,True
6129432872,1,6,17,False,False,False,True
6129481378,4,8,74,False,False,False,True
6129481379,5,9,95,False,False,True,True
6131580260,4,12,47,False,False,False,True
6290791555,1,6,12,False,False,False,True
6292299984,3,7,34,False,False,False,True
6292309914,3,5,11,False,False,False,True
6292309915,3,7,21,False,False,False,True
6292449230,2,11,34,False,False,False,True
6292606670,5,13,77,False,False,False,True
6302785497,2,11,60,False,False,False,True
6302785498,1,5,24,False,False,False,True
6408241526,5,9,70,False,False,False,True
6408241527,4,7,48,False,False,False,True
6410659112,5,6,37,False,False,False,True
6410659113,5,6,33,False,False,False,True
6489455798,5,8,39,False,False,False,True
6489455799,5,10,45,False,False,False,True
6718993872,3,6,32,False,False,False,True
7310409416,2,5,13,False,False,False,True
7310409419,3,6,30,False,False,False,True
7310409438,3,5,28,False,False,False,True
7524458020,2,6,78,False,False,False,True
8194737543,5,8,52,False,False,False,True
8794575352,5,6,36,False,False,False,True
9153722435,1,8,30,False,False,False,True
9198727720,6,4,28,True,True,False,True
9307339628,4,14,53,False,False,False,True
9307339629,4,6,42,False,False,False,True
9307357718,3,7,15,False,False,False,True
9307357723,3,5,15,False,False,False,True
9370828481,1,8,14,False,False,False,True
10006923457,3,14,65,False,False,False,True
10007020410,1,10,10,False,False,False,True
10010221068,2,8,26,False,False,False,True
10010221069,2,8,22,False,False,False,True
10010221070,2,5,16,False,False,False,True
10010221071,1,5,11,False,False,False,True
10010221073,2,6,20,False,False,False,True
10012171507,1,6,21,False,False,False,True
10012171508,2,13,56,False,False,False,True
10012171509,2,13,59,False,False,False,True
10012171512,4,7,44,False,False,False,True
10012183817,5,5,125,False,False,False,True
10019281863,5,12,53,False,False,False,True
10019476028,4,6,45,False,False,False,True
10019476029,5,5,46,False,False,False,True
10019476030,3,5,28,False,False,False,True
10019476031,5,9,40,False,False,False,True
10019476032,6,4,32,True,True,False,True
10019476033,6,4,55,True,True,False,True
10019476034,4,5,14,False,False,False,True
10019632227,6,1,55,True,True,False,True
10019632243,6,3,58,True,True,False,True
10019632254,5,5,39,False,False,False,True
10023071790,3,5,35,False,False,False,True
10023094893,5,6,18,False,False,False,True
10023094894,6,1,16,True,True,False,True
10023094895,4,5,12,False,False,False,True
10023094897,6,2,20,True,True,False,True
10024790156,6,4,13,True,True,False,True
10024790157,6,1,13,True,True,False,True
10039792132,6,4,11,True,True,False,True
10039792133,5,6,13,False,False,False,True
10039792135,4,8,35,False,False,False,True
10404879256,6,1,31,True,True,False,True
10404879257,6,1,24,True,True,False,True
10404879259,6,1,30,True,True,False,True
10404879260,4,5,17,False,False,False,True
10442514172,6,1,30,True,True,False,True
10471451649,2,8,44,False,False,False,True
10471451650,3,11,72,False,False,False,True
10659804936,3,5,27,False,False,False,True
10665881695,3,5,20,False,False,False,True
10665881696,5,12,34,False,False,False,True
10671741906,2,6,33,False,False,False,True
10671741907,2,5,38,False,False,False,True
10673925110,4,58,212,False,False,False,True
10673925111,2,6,27,False,False,False,True
10673925112,1,6,27,False,False,False,True
10673925113,2,7,20,False,False,False,True
10673925114,3,11,77,False,False,False,True
10674327203,2,10,76,False,False,False,True
10674327204,3,9,96,False,False,False,True
10674442940,3,5,30,False,False,False,True
10683867601,5,5,67,False,False,True,True
10702645739,3,8,44,False,False,False,True
10702650518,6,4,30,True,True,False,True
10702759576,5,12,62,False,False,False,True
10702759582,4,9,32,False,False,False,True
10717352303,4,7,26,False,False,False,True
10717471852,4,9,58,False,False,False,True
10717471853,4,7,53,False,False,False,True
10717872485,4,9,22,False,False,False,True
10717901079,6,2,22,True,True,False,True
10717988743,5,7,44,False,False,False,True
10717988744,6,3,36,True,True,False,True
10717988752,5,8,37,False,False,False,True
10717994524,6,4,21,True,True,False,True
10722544721,1,5,14,False,False,False,True
10722544722,1,6,21,False,False,False,True
10722544724,2,13,72,False,False,False,True
10722544725,1,7,28,False,False,False,True
10722544727,1,6,19,False,False,False,True
10722544728,1,12,32,False,False,False,True
10928018597,2,5,18,False,False,False,True
10928018598,3,6,30,False,False,False,True
10928018599,4,5,23,False,False,False,True
10935438701,3,5,33,False,False,False,True
10943403715,4,8,45,False,False,False,True
10962622556,3,5,30,False,False,False,True
10988285804,6,3,52,True,True,False,True
10988315805,6,3,63,True,True,False,True
10988861731,2,6,19,False,False,False,True
11001117245,3,9,37,False,False,False,True
11001117246,2,9,37,False,False,False,True
11021243004,4,6,46,False,False,False,True
11038603905,5,5,21,False,False,False,True
11090539353,3,10,18,False,False,False,True
12335149128,1,5,24,False,False,False,True
12351942495,1,5,19,False,False,False,True
12351942496,2,9,51,False,False,False,True
12413216436,3,6,75,False,False,False,True
12413216437,3,5,78,False,False,False,True
12414430893,6,2,26,True,True,False,True
12818587903,3,8,34,False,False,False,True
12822096853,5,5,26,False,False,False,True
12822096857,5,6,53,False,False,False,True
12822532800,4,7,18,False,False,False,True
12822546505,4,5,16,False,False,False,True
12822574286,4,6,15,False,False,False,True
12822574287,3,5,8,False,False,False,True
12829429113,5,6,17,False,False,False,True
12829429114,4,6,17,False,False,False,True
12830301568,6,4,38,True,True,False,True
12830301572,5,7,57,False,False,False,True
13006613775,2,5,11,False,False,False,True
13380320008,2,5,14,False,False,False,True
13458338430,4,6,51,False,False,False,True
13458338438,4,5,29,False,False,False,True
13521508831,5,7,38,False,False,False,True
13807851008,2,7,32,False,False,False,True
